{"uuid": "8a9a1f2f-7e81-dcf9-fe5d-000000000001", "counter": 17, "stdout": "\r\nPLAY [ping module demo] ********************************************************", "start_line": 15, "end_line": 17, "runner_ident": "41144014-56b1-4ec6-9c04-1d23bab5ffdb", "event": "playbook_on_play_start", "pid": 10831, "created": "2025-09-08T14:45:45.955471+00:00", "parent_uuid": "3d9bca66-718c-4214-be7a-c2b8bebeff98", "event_data": {"playbook": "./execution_environment/ping.yaml", "playbook_uuid": "3d9bca66-718c-4214-be7a-c2b8bebeff98", "play": "ping module demo", "play_uuid": "8a9a1f2f-7e81-dcf9-fe5d-000000000001", "play_pattern": "all", "name": "ping module demo", "pattern": "all", "uuid": "8a9a1f2f-7e81-dcf9-fe5d-000000000001"}}