{"uuid": "230524fa-aec2-42c2-aa26-1a00b61f25ab", "counter": 18, "stdout": "\u001b[0;36mskipping: no hosts matched\u001b[0m", "start_line": 17, "end_line": 18, "runner_ident": "41144014-56b1-4ec6-9c04-1d23bab5ffdb", "event": "playbook_on_no_hosts_matched", "pid": 10831, "created": "2025-09-08T14:45:45.956395+00:00", "parent_uuid": "8a9a1f2f-7e81-dcf9-fe5d-000000000001", "event_data": {"playbook": "./execution_environment/ping.yaml", "playbook_uuid": "3d9bca66-718c-4214-be7a-c2b8bebeff98", "play": "ping module demo", "play_uuid": "8a9a1f2f-7e81-dcf9-fe5d-000000000001", "play_pattern": "all", "uuid": "230524fa-aec2-42c2-aa26-1a00b61f25ab"}}