{"uuid": "99cd9b75-d259-49f6-bb59-52da6d28dcf1", "counter": 19, "stdout": "\r\nPLAY RECAP *********************************************************************", "start_line": 18, "end_line": 21, "runner_ident": "41144014-56b1-4ec6-9c04-1d23bab5ffdb", "event": "playbook_on_stats", "pid": 10831, "created": "2025-09-08T14:45:45.957080+00:00", "parent_uuid": "3d9bca66-718c-4214-be7a-c2b8bebeff98", "event_data": {"playbook": "./execution_environment/ping.yaml", "playbook_uuid": "3d9bca66-718c-4214-be7a-c2b8bebeff98", "changed": {}, "dark": {}, "failures": {}, "ignored": {}, "ok": {}, "processed": {}, "rescued": {}, "skipped": {}, "artifact_data": {}, "uuid": "99cd9b75-d259-49f6-bb59-52da6d28dcf1"}}